"0","result1
"
"1"," [1]"
"1"," norecur"
"1"," norecur"
"1"," norecur"
"1"," norecur"
"1"," norecur"
"1"," norecur"
"1"," norecur"
"1"," norecur"
"1"," norecur"
"1"," recur  "
"1"," norecur"
"1"," norecur"
"1"," norecur"
"1"," recur  "
"1"," norecur"
"1"," norecur"
"1"," norecur"
"1"," recur  "
"1"," norecur"
"1","
"
"1","[20]"
"1"," recur  "
"1"," recur  "
"1"," norecur"
"1"," norecur"
"1"," norecur"
"1"," norecur"
"1"," norecur"
"1"," recur  "
"1"," norecur"
"1","
"
"1","Levels: "
"1","norecur recur"
"1","
"
